unit_id,status,unit_action,unit_remove_candidate,gate_A,gate_B,gate_C,gate_D,gate_E,evidence_refs,gap_or_conflict,recommended_change,destination
.octon/cognition/practices/methodology/README.index.yml::schema_version,Aligned,keep,false,false,false,false,false,false,.octon/cognition/practices/methodology/README.index.yml:4 schema_version,none,none,
.octon/cognition/practices/methodology/README.index.yml::sections,Aligned,keep,false,false,false,false,false,false,.octon/cognition/practices/methodology/README.index.yml:6 sections,none,none,
.octon/cognition/practices/methodology/README.index.yml::source,Aligned,keep,false,false,false,false,false,false,.octon/cognition/practices/methodology/README.index.yml:5 source,none,none,
.octon/cognition/practices/methodology/README.md::AI IDE Prompt Library,Partially Aligned,move_or_merge,false,true,true,false,false,false,.octon/cognition/practices/methodology/README.md:587 AI IDE Prompt Library,README.md:587 prompt playbook content in methodology hub,move to playbook prompt surface and keep link,.octon/cognition/practices/methodology/playbooks/prompts.md
.octon/cognition/practices/methodology/README.md::Architecture & Repository Structure,Aligned,keep,false,false,false,false,false,false,.octon/cognition/practices/methodology/README.md:579 Architecture & Repository Structure,none,none,
.octon/cognition/practices/methodology/README.md::Authoritative References,Aligned,keep,false,false,false,false,false,false,.octon/cognition/practices/methodology/README.md:752 Authoritative References,none,none,
.octon/cognition/practices/methodology/README.md::Branching & Release Model,Partially Aligned,remediate,false,true,false,false,false,false,.octon/cognition/practices/methodology/README.md:502 Branching & Release Model,README.md:547 provider-specific command in otherwise provider-neutral policy,replace with provider-neutral placeholder and optional appendix,
.octon/cognition/practices/methodology/README.md::CI/CD Quality Gates,Aligned,keep,false,false,false,false,false,false,.octon/cognition/practices/methodology/README.md:527 CI/CD Quality Gates,none,none,
.octon/cognition/practices/methodology/README.md::Extras,Partially Aligned,prune,false,true,true,false,false,false,.octon/cognition/practices/methodology/README.md:692 Extras,README.md:692 catch-all extras violates compact SSOT posture,prune section; relocate retained content to canonical destinations,
.octon/cognition/practices/methodology/README.md::Flow & WIP Policy (Kanban for solo),Aligned,keep,false,false,false,false,false,false,.octon/cognition/practices/methodology/README.md:486 Flow & WIP Policy (Kanban for solo),none,none,
.octon/cognition/practices/methodology/README.md::Octon in Practice,Partially Aligned,remediate,false,true,true,false,false,false,.octon/cognition/practices/methodology/README.md:333 Octon in Practice,README.md:333 combines many already-canonical policy surfaces,keep brief synopsis and authoritative links only,
.octon/cognition/practices/methodology/README.md::Octon's Components,Partially Aligned,move_or_merge,false,true,true,false,false,false,.octon/cognition/practices/methodology/README.md:200 Octon's Components,README.md:200 large component catalog duplicates downstream surfaces,reduce to concise map and link to canonical tooling/ops docs,.octon/cognition/practices/methodology/tooling-and-metrics.md
.octon/cognition/practices/methodology/README.md::Octon’s Unifying Objective,Aligned,keep,false,false,false,false,false,false,.octon/cognition/practices/methodology/README.md:41 Octon’s Unifying Objective,none,none,
.octon/cognition/practices/methodology/README.md::How Octon’s Components Reinforce Each Other,Partially Aligned,prune,false,true,true,false,false,false,.octon/cognition/practices/methodology/README.md:276 How Octon’s Components Reinforce Each Other,README.md:276 conceptual repetition,compress to short summary paragraph,
.octon/cognition/practices/methodology/README.md::Kit Architecture and Stage Mapping,Partially Aligned,move_or_merge,false,true,true,false,false,false,.octon/cognition/practices/methodology/README.md:91 Kit Architecture and Stage Mapping,README.md:91 runtime mapping detail overlaps capability docs,summarize and link to canonical runtime docs,.octon/capabilities/runtime/services/_meta/docs/platform-overview.md
.octon/cognition/practices/methodology/README.md::Machine Discovery,Aligned,keep,false,false,false,false,false,false,.octon/cognition/practices/methodology/README.md:20 Machine Discovery,none,none,
.octon/cognition/practices/methodology/README.md::Method Lifecycle Overview,Aligned,keep,false,false,false,false,false,false,.octon/cognition/practices/methodology/README.md:417 Method Lifecycle Overview,none,none,
.octon/cognition/practices/methodology/README.md::Methodology Map,Aligned,keep,false,false,false,false,false,false,.octon/cognition/practices/methodology/README.md:182 Methodology Map,none,none,
.octon/cognition/practices/methodology/README.md::Metrics & Improvement,Aligned,keep,false,false,false,false,false,false,.octon/cognition/practices/methodology/README.md:628 Metrics & Improvement,none,none,
.octon/cognition/practices/methodology/README.md::Operating Cadence (Solo + AI),Aligned,keep,false,false,false,false,false,false,.octon/cognition/practices/methodology/README.md:450 Operating Cadence (Solo + AI),none,none,
.octon/cognition/practices/methodology/README.md::Operational Defaults,Aligned,keep,false,false,false,false,false,false,.octon/cognition/practices/methodology/README.md:644 Operational Defaults,none,none,
.octon/cognition/practices/methodology/README.md::Performance & Scalability,Aligned,keep,false,false,false,false,false,false,.octon/cognition/practices/methodology/README.md:571 Performance & Scalability,none,none,
.octon/cognition/practices/methodology/README.md::Prompt Snippets Library,Partially Aligned,move_or_merge,false,true,true,false,false,false,.octon/cognition/practices/methodology/README.md:680 Prompt Snippets Library,README.md:680 duplicate prompt library surface,merge into single prompt artifact,.octon/cognition/practices/methodology/playbooks/prompts.md
.octon/cognition/practices/methodology/README.md::Quick‑Start Page (tomorrow morning),Partially Aligned,move_or_merge,false,true,true,false,false,false,.octon/cognition/practices/methodology/README.md:712 Quick‑Start Page (tomorrow morning),README.md:712 operational checklist content belongs in playbook,move to quick-start playbook and keep hub link,.octon/cognition/practices/methodology/playbooks/quick-start.md
.octon/cognition/practices/methodology/README.md::Reliability & Ops (Google SRE),Aligned,keep,false,false,false,false,false,false,.octon/cognition/practices/methodology/README.md:561 Reliability & Ops (Google SRE),none,none,
.octon/cognition/practices/methodology/README.md::Security Baseline (mapped to frameworks),Aligned,keep,false,false,false,false,false,false,.octon/cognition/practices/methodology/README.md:553 Security Baseline (mapped to frameworks),none,none,
.octon/cognition/practices/methodology/README.md::Spec-First Planning (step-by-step),Aligned,keep,false,false,false,false,false,false,.octon/cognition/practices/methodology/README.md:492 Spec-First Planning (step-by-step),none,none,
.octon/cognition/practices/methodology/README.md::System Guarantees (self‑reinforcing invariants),Partially Aligned,remediate,false,true,false,false,false,false,.octon/cognition/practices/methodology/README.md:161 System Guarantees (self‑reinforcing invariants),README.md:161 profile-first text lacks explicit pre-1.0 atomic default callout,add explicit pre-1.0 atomic default and transitional exception requirement,
.octon/cognition/practices/methodology/README.md::Test Strategy (pyramid + contracts),Partially Aligned,remediate,false,true,false,false,false,false,.octon/cognition/practices/methodology/README.md:535 Test Strategy (pyramid + contracts),README.md:547 provider-specific rollback rehearsal command appears in checklist,replace literal command with platform-neutral rollback check,
.octon/cognition/practices/methodology/README.md::Tooling Map,Aligned,keep,false,false,false,false,false,false,.octon/cognition/practices/methodology/README.md:614 Tooling Map,none,none,
.octon/cognition/practices/methodology/README.md::Worked Example — “OAuth login + org billing” (sketch),Partially Aligned,move_or_merge,false,true,true,false,false,false,.octon/cognition/practices/methodology/README.md:656 Worked Example — “OAuth login + org billing” (sketch),README.md:656 long example better suited to examples surface,move to examples and keep pointer,.octon/cognition/practices/methodology/examples/oauth-billing.md
.octon/cognition/practices/methodology/architecture-and-repo-structure.md::Canonical Sources,Aligned,keep,false,false,false,false,false,false,.octon/cognition/practices/methodology/architecture-and-repo-structure.md:20 Canonical Sources,none,none,
.octon/cognition/practices/methodology/architecture-and-repo-structure.md::Flag and Runtime Policy,Aligned,keep,false,false,false,false,false,false,.octon/cognition/practices/methodology/architecture-and-repo-structure.md:39 Flag and Runtime Policy,none,none,
.octon/cognition/practices/methodology/architecture-and-repo-structure.md::Scaling Guidance (Solo to Small Team),Aligned,keep,false,false,false,false,false,false,.octon/cognition/practices/methodology/architecture-and-repo-structure.md:45 Scaling Guidance (Solo to Small Team),none,none,
.octon/cognition/practices/methodology/architecture-and-repo-structure.md::Structural Baseline,Aligned,keep,false,false,false,false,false,false,.octon/cognition/practices/methodology/architecture-and-repo-structure.md:32 Structural Baseline,none,none,
.octon/cognition/practices/methodology/audits/README.md::Companion Documents,Aligned,keep,false,false,false,false,false,false,.octon/cognition/practices/methodology/audits/README.md:75 Companion Documents,none,none,
.octon/cognition/practices/methodology/audits/README.md::Default Policy,Aligned,keep,false,false,false,false,false,false,.octon/cognition/practices/methodology/audits/README.md:40 Default Policy,none,none,
.octon/cognition/practices/methodology/audits/README.md::Machine Discovery,Aligned,keep,false,false,false,false,false,false,.octon/cognition/practices/methodology/audits/README.md:32 Machine Discovery,none,none,
.octon/cognition/practices/methodology/audits/README.md::Purpose,Aligned,keep,false,false,false,false,false,false,.octon/cognition/practices/methodology/audits/README.md:20 Purpose,none,none,
.octon/cognition/practices/methodology/audits/README.md::Required Artifacts,Aligned,keep,false,false,false,false,false,false,.octon/cognition/practices/methodology/audits/README.md:44 Required Artifacts,none,none,
.octon/cognition/practices/methodology/audits/README.md::Runtime Audit Records,Aligned,keep,false,false,false,false,false,false,.octon/cognition/practices/methodology/audits/README.md:83 Runtime Audit Records,none,none,
.octon/cognition/practices/methodology/audits/README.md::Scope,Aligned,keep,false,false,false,false,false,false,.octon/cognition/practices/methodology/audits/README.md:36 Scope,none,none,
.octon/cognition/practices/methodology/audits/ci-gates.md::Purpose,Aligned,keep,false,false,false,false,false,false,.octon/cognition/practices/methodology/audits/ci-gates.md:18 Purpose,none,none,
.octon/cognition/practices/methodology/audits/ci-gates.md::Required Gates (MUST),Partially Aligned,remediate,false,true,true,false,false,false,.octon/cognition/practices/methodology/audits/ci-gates.md:22 Required Gates (MUST),audits/ci-gates.md:24 gate scope broad and marker naming ambiguous,scope to current/changed bundle and explicit unsupported marker keys,
.octon/cognition/practices/methodology/audits/ci-gates.md::Required Repository Artifacts,Aligned,keep,false,false,false,false,false,false,.octon/cognition/practices/methodology/audits/ci-gates.md:42 Required Repository Artifacts,none,none,
.octon/cognition/practices/methodology/audits/doctrine.md::0) Terms,Aligned,keep,false,false,false,false,false,false,.octon/cognition/practices/methodology/audits/doctrine.md:18 0) Terms,none,none,
.octon/cognition/practices/methodology/audits/doctrine.md::1) Primary Rule,Aligned,keep,false,false,false,false,false,false,.octon/cognition/practices/methodology/audits/doctrine.md:24 1) Primary Rule,none,none,
.octon/cognition/practices/methodology/audits/doctrine.md::2) Non-Negotiable Constraints (MUST),Aligned,keep,false,false,false,false,false,false,.octon/cognition/practices/methodology/audits/doctrine.md:28 2) Non-Negotiable Constraints (MUST),none,none,
.octon/cognition/practices/methodology/audits/doctrine.md::3) Multi-Pass Contract (MUST),Aligned,keep,false,false,false,false,false,false,.octon/cognition/practices/methodology/audits/doctrine.md:41 3) Multi-Pass Contract (MUST),none,none,
.octon/cognition/practices/methodology/audits/doctrine.md::4) Convergence Rule (MUST),Aligned,keep,false,false,false,false,false,false,.octon/cognition/practices/methodology/audits/doctrine.md:52 4) Convergence Rule (MUST),none,none,
.octon/cognition/practices/methodology/audits/doctrine.md::5) Remediation Discipline (MUST),Aligned,keep,false,false,false,false,false,false,.octon/cognition/practices/methodology/audits/doctrine.md:68 5) Remediation Discipline (MUST),none,none,
.octon/cognition/practices/methodology/audits/exceptions.md::Default,Partially Aligned,remediate,false,true,false,false,false,false,.octon/cognition/practices/methodology/audits/exceptions.md:18 Default,audits/exceptions.md:20 approval authority specified without provenance requirements,add mandatory approval evidence schema/location,
.octon/cognition/practices/methodology/audits/exceptions.md::Exception Requirements (MUST),Partially Aligned,remediate,false,true,false,false,false,false,.octon/cognition/practices/methodology/audits/exceptions.md:30 Exception Requirements (MUST),audits/exceptions.md:30 checklist omits explicit approver identity/timestamp/reference fields,add approval provenance checklist entries,
.octon/cognition/practices/methodology/audits/exceptions.md::Strong Preference,Aligned,keep,false,false,false,false,false,false,.octon/cognition/practices/methodology/audits/exceptions.md:40 Strong Preference,none,none,
.octon/cognition/practices/methodology/audits/exceptions.md::What Qualifies,Aligned,keep,false,false,false,false,false,false,.octon/cognition/practices/methodology/audits/exceptions.md:22 What Qualifies,none,none,
.octon/cognition/practices/methodology/audits/findings-contract.md::Acceptance Criteria Requirements,Aligned,keep,false,false,false,false,false,false,.octon/cognition/practices/methodology/audits/findings-contract.md:54 Acceptance Criteria Requirements,none,none,
.octon/cognition/practices/methodology/audits/findings-contract.md::Finding ID Rule,Aligned,keep,false,false,false,false,false,false,.octon/cognition/practices/methodology/audits/findings-contract.md:18 Finding ID Rule,none,none,
.octon/cognition/practices/methodology/audits/findings-contract.md::Lifecycle Rules,Aligned,keep,false,false,false,false,false,false,.octon/cognition/practices/methodology/audits/findings-contract.md:47 Lifecycle Rules,none,none,
.octon/cognition/practices/methodology/audits/findings-contract.md::Required Finding Fields,Aligned,keep,false,false,false,false,false,false,.octon/cognition/practices/methodology/audits/findings-contract.md:32 Required Finding Fields,none,none,
.octon/cognition/practices/methodology/audits/findings-contract.md::Run Receipt Contract,Aligned,keep,false,false,false,false,false,false,.octon/cognition/practices/methodology/audits/findings-contract.md:67 Run Receipt Contract,none,none,
.octon/cognition/practices/methodology/audits/index.yml::files,Aligned,keep,false,false,false,false,false,false,.octon/cognition/practices/methodology/audits/index.yml:5 files,none,none,
.octon/cognition/practices/methodology/audits/index.yml::schema_version,Aligned,keep,false,false,false,false,false,false,.octon/cognition/practices/methodology/audits/index.yml:4 schema_version,none,none,
.octon/cognition/practices/methodology/audits/invariants.md::Allowed Patterns (MAY),Aligned,keep,false,false,false,false,false,false,.octon/cognition/practices/methodology/audits/invariants.md:30 Allowed Patterns (MAY),none,none,
.octon/cognition/practices/methodology/audits/invariants.md::Invariants (MUST),Aligned,keep,false,false,false,false,false,false,.octon/cognition/practices/methodology/audits/invariants.md:20 Invariants (MUST),none,none,
.octon/cognition/practices/methodology/authority-crosswalk.md::Change Control Notes,Aligned,keep,false,false,false,false,false,false,.octon/cognition/practices/methodology/authority-crosswalk.md:50 Change Control Notes,none,none,
.octon/cognition/practices/methodology/authority-crosswalk.md::Cognition Governance Mapping,Aligned,keep,false,false,false,false,false,false,.octon/cognition/practices/methodology/authority-crosswalk.md:34 Cognition Governance Mapping,none,none,
.octon/cognition/practices/methodology/authority-crosswalk.md::Operational Rule,Aligned,keep,false,false,false,false,false,false,.octon/cognition/practices/methodology/authority-crosswalk.md:44 Operational Rule,none,none,
.octon/cognition/practices/methodology/authority-crosswalk.md::Primary Precedence (Binding),Aligned,keep,false,false,false,false,false,false,.octon/cognition/practices/methodology/authority-crosswalk.md:21 Primary Precedence (Binding),none,none,
.octon/cognition/practices/methodology/auto-tier-assignment.md::Classification Algorithm,Aligned,keep,false,false,false,false,false,false,.octon/cognition/practices/methodology/auto-tier-assignment.md:453 Classification Algorithm,none,none,
.octon/cognition/practices/methodology/auto-tier-assignment.md::Classifier Output Contract (Required),Aligned,keep,false,false,false,false,false,false,.octon/cognition/practices/methodology/auto-tier-assignment.md:93 Classifier Output Contract (Required),none,none,
.octon/cognition/practices/methodology/auto-tier-assignment.md::Edge Cases,Misaligned,remediate,false,true,true,false,false,false,.octon/cognition/practices/methodology/auto-tier-assignment.md:547 Edge Cases,auto-tier-assignment.md:580 blanket statement that documentation does not carry risk,replace with path/domain-aware risk escalation rules,
.octon/cognition/practices/methodology/auto-tier-assignment.md::Integration Points,Aligned,keep,false,false,false,false,false,false,.octon/cognition/practices/methodology/auto-tier-assignment.md:674 Integration Points,none,none,
.octon/cognition/practices/methodology/auto-tier-assignment.md::Monitoring & Improvement,Aligned,keep,false,false,false,false,false,false,.octon/cognition/practices/methodology/auto-tier-assignment.md:727 Monitoring & Improvement,none,none,
.octon/cognition/practices/methodology/auto-tier-assignment.md::Overview,Aligned,keep,false,false,false,false,false,false,.octon/cognition/practices/methodology/auto-tier-assignment.md:22 Overview,none,none,
.octon/cognition/practices/methodology/auto-tier-assignment.md::See Also,Aligned,keep,false,false,false,false,false,false,.octon/cognition/practices/methodology/auto-tier-assignment.md:771 See Also,none,none,
.octon/cognition/practices/methodology/auto-tier-assignment.md::Signal Extraction,Aligned,keep,false,false,false,false,false,false,.octon/cognition/practices/methodology/auto-tier-assignment.md:46 Signal Extraction,none,none,
.octon/cognition/practices/methodology/auto-tier-assignment.md::T1 Criteria (Trivial),Partially Aligned,remediate,false,true,true,false,false,false,.octon/cognition/practices/methodology/auto-tier-assignment.md:378 T1 Criteria (Trivial),auto-tier-assignment.md:378 T1 rules lack governance-path exception,add governance-surface exception forcing T2/T3,
.octon/cognition/practices/methodology/auto-tier-assignment.md::T2 Triggers (Standard),Aligned,keep,false,false,false,false,false,false,.octon/cognition/practices/methodology/auto-tier-assignment.md:298 T2 Triggers (Standard),none,none,
.octon/cognition/practices/methodology/auto-tier-assignment.md::T3 Triggers (Elevated Risk),Aligned,keep,false,false,false,false,false,false,.octon/cognition/practices/methodology/auto-tier-assignment.md:132 T3 Triggers (Elevated Risk),none,none,
.octon/cognition/practices/methodology/auto-tier-assignment.md::Tier Override Rules,Partially Aligned,remediate,false,true,true,false,false,false,.octon/cognition/practices/methodology/auto-tier-assignment.md:618 Tier Override Rules,auto-tier-assignment.md:661 allows t3_to_t1 downgrade without explicit constitutional override linkage,add mandatory override artifact/evidence linkage for T3 downgrades,
.octon/cognition/practices/methodology/ci-cd-quality-gates.md::CI Configuration,Aligned,keep,false,false,false,false,false,false,.octon/cognition/practices/methodology/ci-cd-quality-gates.md:281 CI Configuration,none,none,
.octon/cognition/practices/methodology/ci-cd-quality-gates.md::CI Health Objectives,Partially Aligned,remediate,false,true,true,false,false,false,.octon/cognition/practices/methodology/ci-cd-quality-gates.md:191 CI Health Objectives,ci-cd-quality-gates.md:191 duplicated CI numeric targets appear in tooling-and-metrics.md:43,retain numeric ownership here; reference elsewhere,
.octon/cognition/practices/methodology/ci-cd-quality-gates.md::Gate Checklist (Complete Reference),Aligned,keep,false,false,false,false,false,false,.octon/cognition/practices/methodology/ci-cd-quality-gates.md:144 Gate Checklist (Complete Reference),none,none,
.octon/cognition/practices/methodology/ci-cd-quality-gates.md::Gate Waivers,Aligned,keep,false,false,false,false,false,false,.octon/cognition/practices/methodology/ci-cd-quality-gates.md:236 Gate Waivers,none,none,
.octon/cognition/practices/methodology/ci-cd-quality-gates.md::Gates by Tier,Aligned,keep,false,false,false,false,false,false,.octon/cognition/practices/methodology/ci-cd-quality-gates.md:76 Gates by Tier,none,none,
.octon/cognition/practices/methodology/ci-cd-quality-gates.md::Pipeline Overview,Aligned,keep,false,false,false,false,false,false,.octon/cognition/practices/methodology/ci-cd-quality-gates.md:40 Pipeline Overview,none,none,
.octon/cognition/practices/methodology/ci-cd-quality-gates.md::Related Documentation,Aligned,keep,false,false,false,false,false,false,.octon/cognition/practices/methodology/ci-cd-quality-gates.md:333 Related Documentation,none,none,
.octon/cognition/practices/methodology/ci-cd-quality-gates.md::Tier Override Rules,Aligned,keep,false,false,false,false,false,false,.octon/cognition/practices/methodology/ci-cd-quality-gates.md:199 Tier Override Rules,none,none,
.octon/cognition/practices/methodology/ci-cd-quality-gates.md::Tiered Gate System,Partially Aligned,remediate,false,true,true,false,false,false,.octon/cognition/practices/methodology/ci-cd-quality-gates.md:22 Tiered Gate System,ci-cd-quality-gates.md:22 tier framing duplicated in flow-and-wip policy,declare canonical ownership and cross-link from duplicates,
.octon/cognition/practices/methodology/flow-and-wip-policy.md::Change Types → Tier Mapping,Partially Aligned,move_or_merge,false,true,true,false,false,false,.octon/cognition/practices/methodology/flow-and-wip-policy.md:201 Change Types → Tier Mapping,flow-and-wip-policy.md:201 overlaps auto-tier assignment classifier,reduce to examples and link classifier as canonical,.octon/cognition/practices/methodology/auto-tier-assignment.md
.octon/cognition/practices/methodology/flow-and-wip-policy.md::Definitions by Tier,Aligned,keep,false,false,false,false,false,false,.octon/cognition/practices/methodology/flow-and-wip-policy.md:52 Definitions by Tier,none,none,
.octon/cognition/practices/methodology/flow-and-wip-policy.md::Flow & WIP Policy (Kanban for solo),Aligned,keep,false,false,false,false,false,false,.octon/cognition/practices/methodology/flow-and-wip-policy.md:39 Flow & WIP Policy (Kanban for solo),none,none,
.octon/cognition/practices/methodology/flow-and-wip-policy.md::Pillar Alignment,Aligned,keep,false,false,false,false,false,false,.octon/cognition/practices/methodology/flow-and-wip-policy.md:227 Pillar Alignment,none,none,
.octon/cognition/practices/methodology/flow-and-wip-policy.md::Risk Tiers Overview,Partially Aligned,remediate,false,true,true,false,false,false,.octon/cognition/practices/methodology/flow-and-wip-policy.md:22 Risk Tiers Overview,flow-and-wip-policy.md:22 duplicates dedicated risk tier doctrine,keep concise summary and link risk-tiers contract,
.octon/cognition/practices/methodology/flow-and-wip-policy.md::Risk Tiers Overview table,Partially Aligned,move_or_merge,false,true,true,false,false,false,flow-and-wip-policy.md:26 risk tiers table,flow-and-wip-policy.md:26 duplicate tier table,summarize-and-link to risk-tiers contract,.octon/cognition/practices/methodology/risk-tiers.md
.octon/cognition/practices/methodology/flow-and-wip-policy.md::Tiered Gates Reference,Partially Aligned,move_or_merge,false,true,true,false,false,false,.octon/cognition/practices/methodology/flow-and-wip-policy.md:151 Tiered Gates Reference,flow-and-wip-policy.md:151 duplicated gate matrices,move matrix authority to ci-cd-quality-gates and keep brief reference,.octon/cognition/practices/methodology/ci-cd-quality-gates.md
.octon/cognition/practices/methodology/flow-and-wip-policy.md::Tiered Gates Reference table,Partially Aligned,move_or_merge,false,true,true,false,false,false,flow-and-wip-policy.md:151 tiered gates reference,flow-and-wip-policy.md:151 duplicate table block,move table ownership to ci-cd-quality-gates,.octon/cognition/practices/methodology/ci-cd-quality-gates.md
.octon/cognition/practices/methodology/implementation-guide.index.yml::schema_version,Aligned,keep,false,false,false,false,false,false,.octon/cognition/practices/methodology/implementation-guide.index.yml:4 schema_version,none,none,
.octon/cognition/practices/methodology/implementation-guide.index.yml::sections,Aligned,keep,false,false,false,false,false,false,.octon/cognition/practices/methodology/implementation-guide.index.yml:6 sections,none,none,
.octon/cognition/practices/methodology/implementation-guide.index.yml::source,Aligned,keep,false,false,false,false,false,false,.octon/cognition/practices/methodology/implementation-guide.index.yml:5 source,none,none,
.octon/cognition/practices/methodology/implementation-guide.md::1) Executive Summary,Aligned,keep,false,false,false,false,false,false,.octon/cognition/practices/methodology/implementation-guide.md:20 1) Executive Summary,none,none,
.octon/cognition/practices/methodology/implementation-guide.md::2) Overview table — Kits vs External,Aligned,keep,false,false,false,false,false,false,.octon/cognition/practices/methodology/implementation-guide.md:28 2) Overview table — Kits vs External,none,none,
".octon/cognition/practices/methodology/implementation-guide.md::3) Lifecycle matrix (A→J): responsibilities, artifacts, commands, gates",Aligned,keep,false,false,false,false,false,false,".octon/cognition/practices/methodology/implementation-guide.md:41 3) Lifecycle matrix (A→J): responsibilities, artifacts, commands, gates",none,none,
.octon/cognition/practices/methodology/implementation-guide.md::4) File tree (minimum surfaces),Partially Aligned,remediate,false,false,false,false,true,false,.octon/cognition/practices/methodology/implementation-guide.md:99 4) File tree (minimum surfaces),implementation-guide.md:99 rigid tree can over-constrain host repos,mark as reference profile and note variants,
.octon/cognition/practices/methodology/implementation-guide.md::5) Concrete snippets (minimal),Partially Aligned,remediate,false,true,false,true,false,false,.octon/cognition/practices/methodology/implementation-guide.md:113 5) Concrete snippets (minimal),implementation-guide.md:124 profile receipt snippet marks transitional_exception_note required false,set conditional required rule for pre-1.0 transitional mode,
.octon/cognition/practices/methodology/implementation-guide.md::6) Command cookbook (copy‑paste),Aligned,keep,false,false,false,false,false,false,.octon/cognition/practices/methodology/implementation-guide.md:154 6) Command cookbook (copy‑paste),none,none,
.octon/cognition/practices/methodology/implementation-guide.md::7) Operating Rules (one page),Aligned,keep,false,false,false,false,false,false,.octon/cognition/practices/methodology/implementation-guide.md:170 7) Operating Rules (one page),none,none,
.octon/cognition/practices/methodology/implementation-guide.md::Canonical References,Aligned,keep,false,false,false,false,false,false,.octon/cognition/practices/methodology/implementation-guide.md:189 Canonical References,none,none,
.octon/cognition/practices/methodology/implementation-guide.md::Stop‑the‑line triggers (enforced),Aligned,keep,false,false,false,false,false,false,.octon/cognition/practices/methodology/implementation-guide.md:180 Stop‑the‑line triggers (enforced),none,none,
.octon/cognition/practices/methodology/index.yml::files,Aligned,keep,false,false,false,false,false,false,.octon/cognition/practices/methodology/index.yml:5 files,none,none,
.octon/cognition/practices/methodology/index.yml::schema_version,Aligned,keep,false,false,false,false,false,false,.octon/cognition/practices/methodology/index.yml:4 schema_version,none,none,
.octon/cognition/practices/methodology/methodology-as-code.md::Breaking Change Procedure,Aligned,keep,false,false,false,false,false,false,.octon/cognition/practices/methodology/methodology-as-code.md:103 Breaking Change Procedure,none,none,
.octon/cognition/practices/methodology/methodology-as-code.md::CI Integration Baseline,Aligned,keep,false,false,false,false,false,false,.octon/cognition/practices/methodology/methodology-as-code.md:66 CI Integration Baseline,none,none,
.octon/cognition/practices/methodology/methodology-as-code.md::Canonical Methodology Contract Surfaces,Aligned,keep,false,false,false,false,false,false,.octon/cognition/practices/methodology/methodology-as-code.md:26 Canonical Methodology Contract Surfaces,none,none,
.octon/cognition/practices/methodology/methodology-as-code.md::Deprecation and Removal Rules,Aligned,keep,false,false,false,false,false,false,.octon/cognition/practices/methodology/methodology-as-code.md:113 Deprecation and Removal Rules,none,none,
.octon/cognition/practices/methodology/methodology-as-code.md::Deterministic Validation Expectations,Aligned,keep,false,false,false,false,false,false,.octon/cognition/practices/methodology/methodology-as-code.md:49 Deterministic Validation Expectations,none,none,
.octon/cognition/practices/methodology/methodology-as-code.md::Overview,Aligned,keep,false,false,false,false,false,false,.octon/cognition/practices/methodology/methodology-as-code.md:20 Overview,none,none,
.octon/cognition/practices/methodology/methodology-as-code.md::Related Documents,Aligned,keep,false,false,false,false,false,false,.octon/cognition/practices/methodology/methodology-as-code.md:119 Related Documents,none,none,
.octon/cognition/practices/methodology/methodology-as-code.md::Source of Truth Hierarchy,Aligned,keep,false,false,false,false,false,false,.octon/cognition/practices/methodology/methodology-as-code.md:76 Source of Truth Hierarchy,none,none,
.octon/cognition/practices/methodology/methodology-as-code.md::Version and Release-State Contract,Partially Aligned,remediate,false,false,true,false,false,false,.octon/cognition/practices/methodology/methodology-as-code.md:39 Version and Release-State Contract,methodology-as-code.md:44 hardcoded version literal can drift from version.txt,remove fixed literal or add sync enforcement,
.octon/cognition/practices/methodology/migrations/README.md::Companion Documents,Aligned,keep,false,false,false,false,false,false,.octon/cognition/practices/methodology/migrations/README.md:101 Companion Documents,none,none,
.octon/cognition/practices/methodology/migrations/README.md::Default Policy,Aligned,keep,false,false,false,false,false,false,.octon/cognition/practices/methodology/migrations/README.md:41 Default Policy,none,none,
.octon/cognition/practices/methodology/migrations/README.md::Machine Discovery,Aligned,keep,false,false,false,false,false,false,.octon/cognition/practices/methodology/migrations/README.md:27 Machine Discovery,none,none,
.octon/cognition/practices/methodology/migrations/README.md::Purpose,Aligned,keep,false,false,false,false,false,false,.octon/cognition/practices/methodology/migrations/README.md:20 Purpose,none,none,
.octon/cognition/practices/methodology/migrations/README.md::Required Artifacts,Aligned,keep,false,false,false,false,false,false,.octon/cognition/practices/methodology/migrations/README.md:74 Required Artifacts,none,none,
.octon/cognition/practices/methodology/migrations/README.md::Required Plan Sections,Aligned,keep,false,false,false,false,false,false,.octon/cognition/practices/methodology/migrations/README.md:91 Required Plan Sections,none,none,
.octon/cognition/practices/methodology/migrations/README.md::Runtime Migration Records,Aligned,keep,false,false,false,false,false,false,.octon/cognition/practices/methodology/migrations/README.md:109 Runtime Migration Records,none,none,
.octon/cognition/practices/methodology/migrations/README.md::Scope,Aligned,keep,false,false,false,false,false,false,.octon/cognition/practices/methodology/migrations/README.md:31 Scope,none,none,
.octon/cognition/practices/methodology/migrations/README.md::Selection Contract,Aligned,keep,false,false,false,false,false,false,.octon/cognition/practices/methodology/migrations/README.md:58 Selection Contract,none,none,
.octon/cognition/practices/methodology/migrations/ci-gates.md::Implementation Options (Non-Prescriptive),Aligned,keep,false,false,false,false,false,false,.octon/cognition/practices/methodology/migrations/ci-gates.md:58 Implementation Options (Non-Prescriptive),none,none,
.octon/cognition/practices/methodology/migrations/ci-gates.md::Purpose,Aligned,keep,false,false,false,false,false,false,.octon/cognition/practices/methodology/migrations/ci-gates.md:18 Purpose,none,none,
.octon/cognition/practices/methodology/migrations/ci-gates.md::Required Gates (MUST),Partially Aligned,remediate,false,false,true,false,false,false,.octon/cognition/practices/methodology/migrations/ci-gates.md:22 Required Gates (MUST),migrations/ci-gates.md:53 wildcard output pattern can match non-bundle files,tighten pattern to deterministic date-prefixed evidence bundles only,
.octon/cognition/practices/methodology/migrations/ci-gates.md::Required Repository Artifact,Aligned,keep,false,false,false,false,false,false,.octon/cognition/practices/methodology/migrations/ci-gates.md:65 Required Repository Artifact,none,none,
.octon/cognition/practices/methodology/migrations/doctrine.md::0) Terms,Aligned,keep,false,false,false,false,false,false,.octon/cognition/practices/methodology/migrations/doctrine.md:18 0) Terms,none,none,
.octon/cognition/practices/methodology/migrations/doctrine.md::1) Primary Rule,Aligned,keep,false,false,false,false,false,false,.octon/cognition/practices/methodology/migrations/doctrine.md:27 1) Primary Rule,none,none,
.octon/cognition/practices/methodology/migrations/doctrine.md::2) Release-Maturity Gate (MUST),Aligned,keep,false,false,false,false,false,false,.octon/cognition/practices/methodology/migrations/doctrine.md:36 2) Release-Maturity Gate (MUST),none,none,
.octon/cognition/practices/methodology/migrations/doctrine.md::3) Selection Method (MUST),Aligned,keep,false,false,false,false,false,false,.octon/cognition/practices/methodology/migrations/doctrine.md:45 3) Selection Method (MUST),none,none,
.octon/cognition/practices/methodology/migrations/doctrine.md::4) Execution Constraints (MUST),Aligned,keep,false,false,false,false,false,false,.octon/cognition/practices/methodology/migrations/doctrine.md:73 4) Execution Constraints (MUST),none,none,
.octon/cognition/practices/methodology/migrations/doctrine.md::5) Required Verification (MUST),Aligned,keep,false,false,false,false,false,false,.octon/cognition/practices/methodology/migrations/doctrine.md:90 5) Required Verification (MUST),none,none,
.octon/cognition/practices/methodology/migrations/doctrine.md::6) Merge Rule (MUST),Aligned,keep,false,false,false,false,false,false,.octon/cognition/practices/methodology/migrations/doctrine.md:99 6) Merge Rule (MUST),none,none,
.octon/cognition/practices/methodology/migrations/doctrine.md::7) Exception Policy,Aligned,keep,false,false,false,false,false,false,.octon/cognition/practices/methodology/migrations/doctrine.md:107 7) Exception Policy,none,none,
.octon/cognition/practices/methodology/migrations/exceptions.md::Default,Aligned,keep,false,false,false,false,false,false,.octon/cognition/practices/methodology/migrations/exceptions.md:18 Default,none,none,
.octon/cognition/practices/methodology/migrations/exceptions.md::Exception Requirements (MUST),Aligned,keep,false,false,false,false,false,false,.octon/cognition/practices/methodology/migrations/exceptions.md:30 Exception Requirements (MUST),none,none,
.octon/cognition/practices/methodology/migrations/exceptions.md::Strong Preference,Aligned,keep,false,false,false,false,false,false,.octon/cognition/practices/methodology/migrations/exceptions.md:51 Strong Preference,none,none,
.octon/cognition/practices/methodology/migrations/exceptions.md::Transitional Exception Note (Pre-1.0),Aligned,keep,false,false,false,false,false,false,.octon/cognition/practices/methodology/migrations/exceptions.md:42 Transitional Exception Note (Pre-1.0),none,none,
.octon/cognition/practices/methodology/migrations/exceptions.md::What Qualifies,Aligned,keep,false,false,false,false,false,false,.octon/cognition/practices/methodology/migrations/exceptions.md:22 What Qualifies,none,none,
.octon/cognition/practices/methodology/migrations/index.yml::files,Aligned,keep,false,false,false,false,false,false,.octon/cognition/practices/methodology/migrations/index.yml:5 files,none,none,
.octon/cognition/practices/methodology/migrations/index.yml::schema_version,Aligned,keep,false,false,false,false,false,false,.octon/cognition/practices/methodology/migrations/index.yml:4 schema_version,none,none,
.octon/cognition/practices/methodology/migrations/invariants.md::Allowed Patterns (MAY),Aligned,keep,false,false,false,false,false,false,.octon/cognition/practices/methodology/migrations/invariants.md:42 Allowed Patterns (MAY),none,none,
.octon/cognition/practices/methodology/migrations/invariants.md::Enforcement Artifacts (Concrete),Aligned,keep,false,false,false,false,false,false,.octon/cognition/practices/methodology/migrations/invariants.md:31 Enforcement Artifacts (Concrete),none,none,
.octon/cognition/practices/methodology/migrations/invariants.md::Invariants (MUST),Aligned,keep,false,false,false,false,false,false,.octon/cognition/practices/methodology/migrations/invariants.md:20 Invariants (MUST),none,none,
.octon/cognition/practices/methodology/migrations/legacy-banlist.md::Banned Config Keys or Env Vars,Aligned,keep,false,false,false,false,false,false,.octon/cognition/practices/methodology/migrations/legacy-banlist.md:153 Banned Config Keys or Env Vars,none,none,
.octon/cognition/practices/methodology/migrations/legacy-banlist.md::Banned Identifiers,Aligned,keep,false,false,false,false,false,false,.octon/cognition/practices/methodology/migrations/legacy-banlist.md:20 Banned Identifiers,none,none,
.octon/cognition/practices/methodology/migrations/legacy-banlist.md::Banned Paths,Partially Aligned,remediate,false,false,true,false,false,false,.octon/cognition/practices/methodology/migrations/legacy-banlist.md:87 Banned Paths,migrations/legacy-banlist.md:149 replacement path appears stale vs orchestration/workflows/manifest.yml:220,update replacement path token,
.octon/cognition/practices/methodology/performance-and-scalability.md::CI Pass/Fail Criteria,Aligned,keep,false,false,false,false,false,false,.octon/cognition/practices/methodology/performance-and-scalability.md:27 CI Pass/Fail Criteria,none,none,
.octon/cognition/practices/methodology/performance-and-scalability.md::Cost-Performance Correlation,Aligned,keep,false,false,false,false,false,false,.octon/cognition/practices/methodology/performance-and-scalability.md:40 Cost-Performance Correlation,none,none,
.octon/cognition/practices/methodology/performance-and-scalability.md::Default Budgets (Normative),Partially Aligned,move_or_merge,false,true,true,false,false,false,.octon/cognition/practices/methodology/performance-and-scalability.md:20 Default Budgets (Normative),performance-and-scalability.md:20 shared SLO defaults duplicated in reliability/sandbox docs,keep perf-specific budgets; merge shared SLO defaults into reliability canonical section,.octon/cognition/practices/methodology/reliability-and-ops.md
.octon/cognition/practices/methodology/performance-and-scalability.md::Default Budgets block,Partially Aligned,move_or_merge,false,true,true,false,false,false,performance-and-scalability.md:20 default budgets,performance-and-scalability.md:20 duplicated SLO constants,consolidate shared SLO constants in reliability-and-ops,.octon/cognition/practices/methodology/reliability-and-ops.md
.octon/cognition/practices/methodology/performance-and-scalability.md::Operational Guidance,Aligned,keep,false,false,false,false,false,false,.octon/cognition/practices/methodology/performance-and-scalability.md:33 Operational Guidance,none,none,
.octon/cognition/practices/methodology/reliability-and-ops.md::Incident Severity (Summary),Aligned,keep,false,false,false,false,false,false,.octon/cognition/practices/methodology/reliability-and-ops.md:46 Incident Severity (Summary),none,none,
.octon/cognition/practices/methodology/reliability-and-ops.md::On-call and Incident Handling,Aligned,keep,false,false,false,false,false,false,.octon/cognition/practices/methodology/reliability-and-ops.md:36 On-call and Incident Handling,none,none,
.octon/cognition/practices/methodology/reliability-and-ops.md::Postmortem Minimum Sections,Aligned,keep,false,false,false,false,false,false,.octon/cognition/practices/methodology/reliability-and-ops.md:54 Postmortem Minimum Sections,none,none,
.octon/cognition/practices/methodology/reliability-and-ops.md::Release Hygiene Defaults,Aligned,keep,false,false,false,false,false,false,.octon/cognition/practices/methodology/reliability-and-ops.md:30 Release Hygiene Defaults,none,none,
".octon/cognition/practices/methodology/reliability-and-ops.md::SLIs, SLOs, and Error Budgets",Aligned,keep,false,false,false,false,false,false,".octon/cognition/practices/methodology/reliability-and-ops.md:20 SLIs, SLOs, and Error Budgets",none,none,
.octon/cognition/practices/methodology/risk-tiers.md::Integration with Workflows,Aligned,keep,false,false,false,false,false,false,.octon/cognition/practices/methodology/risk-tiers.md:981 Integration with Workflows,none,none,
.octon/cognition/practices/methodology/risk-tiers.md::Overriding Tiers,Partially Aligned,remediate,false,true,false,false,false,false,.octon/cognition/practices/methodology/risk-tiers.md:947 Overriding Tiers,risk-tiers.md:947 downgrade rules do not require explicit override evidence link,require explicit override artifact reference for T3 downgrades,
.octon/cognition/practices/methodology/risk-tiers.md::Overview,Aligned,keep,false,false,false,false,false,false,.octon/cognition/practices/methodology/risk-tiers.md:24 Overview,none,none,
.octon/cognition/practices/methodology/risk-tiers.md::Pillar Alignment by Tier,Aligned,keep,false,false,false,false,false,false,.octon/cognition/practices/methodology/risk-tiers.md:61 Pillar Alignment by Tier,none,none,
.octon/cognition/practices/methodology/risk-tiers.md::Risk Tier and Profile Governance Crosswalk,Aligned,keep,false,false,false,false,false,false,.octon/cognition/practices/methodology/risk-tiers.md:40 Risk Tier and Profile Governance Crosswalk,none,none,
.octon/cognition/practices/methodology/risk-tiers.md::T1 Summary: <Title>,Aligned,keep,false,false,false,false,false,false,.octon/cognition/practices/methodology/risk-tiers.md:214 T1 Summary: <Title>,none,none,
.octon/cognition/practices/methodology/risk-tiers.md::T2 Summary: <Title>,Aligned,keep,false,false,false,false,false,false,.octon/cognition/practices/methodology/risk-tiers.md:414 T2 Summary: <Title>,none,none,
.octon/cognition/practices/methodology/risk-tiers.md::T3 Summary: <Title>,Aligned,keep,false,false,false,false,false,false,.octon/cognition/practices/methodology/risk-tiers.md:848 T3 Summary: <Title>,none,none,
.octon/cognition/practices/methodology/risk-tiers.md::Tier 1 inline template block,Partially Aligned,move_or_merge,false,true,true,false,false,false,risk-tiers.md:159 T1 inline template,risk-tiers.md:159 inline template duplication,summarize-and-link to template YAML,.octon/cognition/practices/methodology/templates/spec-tier1.yaml
.octon/cognition/practices/methodology/risk-tiers.md::Tier 1: Trivial Changes,Partially Aligned,remediate,false,true,true,false,false,false,.octon/cognition/practices/methodology/risk-tiers.md:86 Tier 1: Trivial Changes,risk-tiers.md:159 inline template duplicates canonical template YAML,summarize and link to template file,.octon/cognition/practices/methodology/templates/spec-tier1.yaml
.octon/cognition/practices/methodology/risk-tiers.md::Tier 2 inline template block,Partially Aligned,move_or_merge,false,true,true,false,false,false,risk-tiers.md:282 T2 inline template,risk-tiers.md:282 inline template duplication,summarize-and-link to template YAML,.octon/cognition/practices/methodology/templates/spec-tier2.yaml
.octon/cognition/practices/methodology/risk-tiers.md::Tier 2: Standard Changes,Partially Aligned,remediate,false,true,true,false,false,false,.octon/cognition/practices/methodology/risk-tiers.md:226 Tier 2: Standard Changes,risk-tiers.md:282 inline template duplicates canonical template YAML,summarize and link to template file,.octon/cognition/practices/methodology/templates/spec-tier2.yaml
.octon/cognition/practices/methodology/risk-tiers.md::Tier 3 inline template block,Partially Aligned,move_or_merge,false,true,true,false,false,false,risk-tiers.md:505 T3 inline template,risk-tiers.md:505 inline template duplication,summarize-and-link to template YAML,.octon/cognition/practices/methodology/templates/spec-tier3.yaml
.octon/cognition/practices/methodology/risk-tiers.md::Tier 3: Elevated Changes,Partially Aligned,remediate,false,true,true,false,false,false,.octon/cognition/practices/methodology/risk-tiers.md:434 Tier 3: Elevated Changes,risk-tiers.md:505 inline template duplicates canonical template YAML,summarize and link to template file,.octon/cognition/practices/methodology/templates/spec-tier3.yaml
.octon/cognition/practices/methodology/risk-tiers.md::Tier Assignment Algorithm,Aligned,keep,false,false,false,false,false,false,.octon/cognition/practices/methodology/risk-tiers.md:941 Tier Assignment Algorithm,none,none,
.octon/cognition/practices/methodology/risk-tiers.md::Tier Comparison Reference,Aligned,keep,false,false,false,false,false,false,.octon/cognition/practices/methodology/risk-tiers.md:895 Tier Comparison Reference,none,none,
.octon/cognition/practices/methodology/sandbox-flow.md::Baseline Defaults,Partially Aligned,move_or_merge,false,true,true,false,false,false,.octon/cognition/practices/methodology/sandbox-flow.md:36 Baseline Defaults,sandbox-flow.md:36 repeated thresholds duplicate reliability/performance defaults,replace hardcoded thresholds with references,.octon/cognition/practices/methodology/reliability-and-ops.md
.octon/cognition/practices/methodology/sandbox-flow.md::Baseline Defaults block,Partially Aligned,move_or_merge,false,true,true,false,false,false,sandbox-flow.md:36 baseline defaults,sandbox-flow.md:36 duplicated threshold constants,replace constants with canonical references,.octon/cognition/practices/methodology/reliability-and-ops.md
.octon/cognition/practices/methodology/sandbox-flow.md::Knowledge Plane Recording,Aligned,keep,false,false,false,false,false,false,.octon/cognition/practices/methodology/sandbox-flow.md:63 Knowledge Plane Recording,none,none,
.octon/cognition/practices/methodology/sandbox-flow.md::Lifecycle (Sandbox View),Aligned,keep,false,false,false,false,false,false,.octon/cognition/practices/methodology/sandbox-flow.md:46 Lifecycle (Sandbox View),none,none,
.octon/cognition/practices/methodology/sandbox-flow.md::Required References,Aligned,keep,false,false,false,false,false,false,.octon/cognition/practices/methodology/sandbox-flow.md:20 Required References,none,none,
.octon/cognition/practices/methodology/sandbox-flow.md::Responsibilities,Partially Aligned,remediate,false,true,false,false,false,false,.octon/cognition/practices/methodology/sandbox-flow.md:57 Responsibilities,sandbox-flow.md:57 wording can be read as authority conflict with ACP outcome rule,align wording to authority-crosswalk sentence,
.octon/cognition/practices/methodology/security-baseline.md::OWASP ASVS and NIST SSDF Alignment,Aligned,keep,false,false,false,false,false,false,.octon/cognition/practices/methodology/security-baseline.md:20 OWASP ASVS and NIST SSDF Alignment,none,none,
.octon/cognition/practices/methodology/security-baseline.md::Privacy and Accessibility Addendum,Aligned,keep,false,false,false,false,false,false,.octon/cognition/practices/methodology/security-baseline.md:44 Privacy and Accessibility Addendum,none,none,
.octon/cognition/practices/methodology/security-baseline.md::Required Security/Quality Checks,Partially Aligned,remediate,false,true,false,false,false,false,.octon/cognition/practices/methodology/security-baseline.md:25 Required Security/Quality Checks,security-baseline.md:27 blends security severity and non-security perf checks,split ownership and explicitly bind tiered severity thresholds,
".octon/cognition/practices/methodology/security-baseline.md::Secrets, Headers, and Provenance",Aligned,keep,false,false,false,false,false,false,".octon/cognition/practices/methodology/security-baseline.md:38 Secrets, Headers, and Provenance",none,none,
.octon/cognition/practices/methodology/spec-first-planning.md::AI-Assisted Workflow Details,Aligned,keep,false,false,false,false,false,false,.octon/cognition/practices/methodology/spec-first-planning.md:140 AI-Assisted Workflow Details,none,none,
.octon/cognition/practices/methodology/spec-first-planning.md::Legacy: SpecKit One-Pager Template,Partially Aligned,move_or_merge,false,true,true,false,false,false,.octon/cognition/practices/methodology/spec-first-planning.md:340 Legacy: SpecKit One-Pager Template,spec-first-planning.md:340 legacy template retained in active doc,move to archive with non-normative marker,.octon/cognition/practices/methodology/archive/spec-one-pager-legacy.md
.octon/cognition/practices/methodology/spec-first-planning.md::Spec Templates by Tier,Aligned,keep,false,false,false,false,false,false,.octon/cognition/practices/methodology/spec-first-planning.md:202 Spec Templates by Tier,none,none,
.octon/cognition/practices/methodology/spec-first-planning.md::Spec-First Planning Workflow,Partially Aligned,remediate,false,true,false,false,false,false,.octon/cognition/practices/methodology/spec-first-planning.md:55 Spec-First Planning Workflow,spec-first-planning.md:132 provider-specific promote command in core flow,provider-neutral command placeholder,
.octon/cognition/practices/methodology/spec-first-planning.md::Tiered Spec System,Aligned,keep,false,false,false,false,false,false,.octon/cognition/practices/methodology/spec-first-planning.md:24 Tiered Spec System,none,none,
.octon/cognition/practices/methodology/templates/README.md::Common Fields (All Tiers) checklist,Partially Aligned,remediate,false,true,true,false,false,false,templates/README.md:74 common fields checklist,templates/README.md:74 claims _review for all tiers but spec-tier3 uses oversight_touchpoints,align common-field wording with canonical tier3 structure,
.octon/cognition/practices/methodology/templates/README.md::Human Review Requirements,Aligned,keep,false,false,false,false,false,false,.octon/cognition/practices/methodology/templates/README.md:128 Human Review Requirements,none,none,
.octon/cognition/practices/methodology/templates/README.md::Machine Discovery,Aligned,keep,false,false,false,false,false,false,.octon/cognition/practices/methodology/templates/README.md:20 Machine Discovery,none,none,
.octon/cognition/practices/methodology/templates/README.md::Related Documentation,Aligned,keep,false,false,false,false,false,false,.octon/cognition/practices/methodology/templates/README.md:136 Related Documentation,none,none,
.octon/cognition/practices/methodology/templates/README.md::Template Selection,Aligned,keep,false,false,false,false,false,false,.octon/cognition/practices/methodology/templates/README.md:24 Template Selection,none,none,
.octon/cognition/practices/methodology/templates/README.md::Template Structure,Aligned,keep,false,false,false,false,false,false,.octon/cognition/practices/methodology/templates/README.md:64 Template Structure,none,none,
.octon/cognition/practices/methodology/templates/README.md::Tier-Specific Fields table,Partially Aligned,remediate,false,true,true,false,false,false,templates/README.md:84 tier field table,templates/README.md:84 threat_analysis label diverges from spec-tier3.yaml:324 threat_model,rename field label or document explicit alias,
.octon/cognition/practices/methodology/templates/README.md::Usage,Aligned,keep,false,false,false,false,false,false,.octon/cognition/practices/methodology/templates/README.md:32 Usage,none,none,
.octon/cognition/practices/methodology/templates/README.md::Validation Rules,Aligned,keep,false,false,false,false,false,false,.octon/cognition/practices/methodology/templates/README.md:92 Validation Rules,none,none,
.octon/cognition/practices/methodology/templates/index.yml::files,Aligned,keep,false,false,false,false,false,false,.octon/cognition/practices/methodology/templates/index.yml:5 files,none,none,
.octon/cognition/practices/methodology/templates/index.yml::schema_version,Aligned,keep,false,false,false,false,false,false,.octon/cognition/practices/methodology/templates/index.yml:4 schema_version,none,none,
.octon/cognition/practices/methodology/templates/spec-tier1.yaml::_metadata,Aligned,keep,false,false,false,false,false,false,.octon/cognition/practices/methodology/templates/spec-tier1.yaml:147 _metadata,none,none,
.octon/cognition/practices/methodology/templates/spec-tier1.yaml::_review,Aligned,keep,false,false,false,false,false,false,.octon/cognition/practices/methodology/templates/spec-tier1.yaml:174 _review,none,none,
.octon/cognition/practices/methodology/templates/spec-tier1.yaml::_schema_version,Aligned,keep,false,false,false,false,false,false,.octon/cognition/practices/methodology/templates/spec-tier1.yaml:13 _schema_version,none,none,
.octon/cognition/practices/methodology/templates/spec-tier1.yaml::_template,Aligned,keep,false,false,false,false,false,false,.octon/cognition/practices/methodology/templates/spec-tier1.yaml:14 _template,none,none,
.octon/cognition/practices/methodology/templates/spec-tier1.yaml::governance,Aligned,keep,false,false,false,false,false,false,.octon/cognition/practices/methodology/templates/spec-tier1.yaml:29 governance,none,none,
.octon/cognition/practices/methodology/templates/spec-tier1.yaml::intent,Aligned,keep,false,false,false,false,false,false,.octon/cognition/practices/methodology/templates/spec-tier1.yaml:65 intent,none,none,
.octon/cognition/practices/methodology/templates/spec-tier1.yaml::notes,Aligned,keep,false,false,false,false,false,false,.octon/cognition/practices/methodology/templates/spec-tier1.yaml:140 notes,none,none,
.octon/cognition/practices/methodology/templates/spec-tier1.yaml::related,Aligned,keep,false,false,false,false,false,false,.octon/cognition/practices/methodology/templates/spec-tier1.yaml:132 related,none,none,
.octon/cognition/practices/methodology/templates/spec-tier1.yaml::risk_assessment,Aligned,keep,false,false,false,false,false,false,.octon/cognition/practices/methodology/templates/spec-tier1.yaml:91 risk_assessment,none,none,
.octon/cognition/practices/methodology/templates/spec-tier1.yaml::scope,Aligned,keep,false,false,false,false,false,false,.octon/cognition/practices/methodology/templates/spec-tier1.yaml:73 scope,none,none,
.octon/cognition/practices/methodology/templates/spec-tier1.yaml::tier,Aligned,keep,false,false,false,false,false,false,.octon/cognition/practices/methodology/templates/spec-tier1.yaml:20 tier,none,none,
.octon/cognition/practices/methodology/templates/spec-tier1.yaml::title,Aligned,keep,false,false,false,false,false,false,.octon/cognition/practices/methodology/templates/spec-tier1.yaml:22 title,none,none,
.octon/cognition/practices/methodology/templates/spec-tier1.yaml::verification,Aligned,keep,false,false,false,false,false,false,.octon/cognition/practices/methodology/templates/spec-tier1.yaml:114 verification,none,none,
.octon/cognition/practices/methodology/templates/spec-tier2.yaml::_metadata,Aligned,keep,false,false,false,false,false,false,.octon/cognition/practices/methodology/templates/spec-tier2.yaml:355 _metadata,none,none,
.octon/cognition/practices/methodology/templates/spec-tier2.yaml::_review,Aligned,keep,false,false,false,false,false,false,.octon/cognition/practices/methodology/templates/spec-tier2.yaml:372 _review,none,none,
.octon/cognition/practices/methodology/templates/spec-tier2.yaml::_schema_version,Aligned,keep,false,false,false,false,false,false,.octon/cognition/practices/methodology/templates/spec-tier2.yaml:14 _schema_version,none,none,
.octon/cognition/practices/methodology/templates/spec-tier2.yaml::_template,Aligned,keep,false,false,false,false,false,false,.octon/cognition/practices/methodology/templates/spec-tier2.yaml:15 _template,none,none,
.octon/cognition/practices/methodology/templates/spec-tier2.yaml::contracts,Aligned,keep,false,false,false,false,false,false,.octon/cognition/practices/methodology/templates/spec-tier2.yaml:164 contracts,none,none,
.octon/cognition/practices/methodology/templates/spec-tier2.yaml::convivial_impact,Aligned,keep,false,false,false,false,false,false,.octon/cognition/practices/methodology/templates/spec-tier2.yaml:140 convivial_impact,none,none,
.octon/cognition/practices/methodology/templates/spec-tier2.yaml::created,Aligned,keep,false,false,false,false,false,false,.octon/cognition/practices/methodology/templates/spec-tier2.yaml:66 created,none,none,
.octon/cognition/practices/methodology/templates/spec-tier2.yaml::governance,Partially Aligned,remediate,false,true,false,false,false,false,.octon/cognition/practices/methodology/templates/spec-tier2.yaml:30 governance,spec-tier2.yaml:30 governance block lacks explicit conditional blocks for full governance-impacting receipt set,add conditional blocks for implementation_plan impact_map compliance_receipt exceptions_escalations,
.octon/cognition/practices/methodology/templates/spec-tier2.yaml::observability,Aligned,keep,false,false,false,false,false,false,.octon/cognition/practices/methodology/templates/spec-tier2.yaml:324 observability,none,none,
.octon/cognition/practices/methodology/templates/spec-tier2.yaml::owner,Aligned,keep,false,false,false,false,false,false,.octon/cognition/practices/methodology/templates/spec-tier2.yaml:69 owner,none,none,
.octon/cognition/practices/methodology/templates/spec-tier2.yaml::problem,Aligned,keep,false,false,false,false,false,false,.octon/cognition/practices/methodology/templates/spec-tier2.yaml:75 problem,none,none,
.octon/cognition/practices/methodology/templates/spec-tier2.yaml::rollout,Aligned,keep,false,false,false,false,false,false,.octon/cognition/practices/methodology/templates/spec-tier2.yaml:295 rollout,none,none,
.octon/cognition/practices/methodology/templates/spec-tier2.yaml::scope,Aligned,keep,false,false,false,false,false,false,.octon/cognition/practices/methodology/templates/spec-tier2.yaml:101 scope,none,none,
.octon/cognition/practices/methodology/templates/spec-tier2.yaml::solution,Aligned,keep,false,false,false,false,false,false,.octon/cognition/practices/methodology/templates/spec-tier2.yaml:88 solution,none,none,
.octon/cognition/practices/methodology/templates/spec-tier2.yaml::testing,Aligned,keep,false,false,false,false,false,false,.octon/cognition/practices/methodology/templates/spec-tier2.yaml:262 testing,none,none,
.octon/cognition/practices/methodology/templates/spec-tier2.yaml::threat_analysis,Aligned,keep,false,false,false,false,false,false,.octon/cognition/practices/methodology/templates/spec-tier2.yaml:214 threat_analysis,none,none,
.octon/cognition/practices/methodology/templates/spec-tier2.yaml::tier,Aligned,keep,false,false,false,false,false,false,.octon/cognition/practices/methodology/templates/spec-tier2.yaml:21 tier,none,none,
.octon/cognition/practices/methodology/templates/spec-tier2.yaml::title,Aligned,keep,false,false,false,false,false,false,.octon/cognition/practices/methodology/templates/spec-tier2.yaml:23 title,none,none,
.octon/cognition/practices/methodology/templates/spec-tier3.yaml::_metadata,Aligned,keep,false,false,false,false,false,false,.octon/cognition/practices/methodology/templates/spec-tier3.yaml:800 _metadata,none,none,
.octon/cognition/practices/methodology/templates/spec-tier3.yaml::_schema_version,Aligned,keep,false,false,false,false,false,false,.octon/cognition/practices/methodology/templates/spec-tier3.yaml:15 _schema_version,none,none,
.octon/cognition/practices/methodology/templates/spec-tier3.yaml::_template,Aligned,keep,false,false,false,false,false,false,.octon/cognition/practices/methodology/templates/spec-tier3.yaml:16 _template,none,none,
.octon/cognition/practices/methodology/templates/spec-tier3.yaml::adr,Aligned,keep,false,false,false,false,false,false,.octon/cognition/practices/methodology/templates/spec-tier3.yaml:823 adr,none,none,
.octon/cognition/practices/methodology/templates/spec-tier3.yaml::classification_reason,Aligned,keep,false,false,false,false,false,false,.octon/cognition/practices/methodology/templates/spec-tier3.yaml:77 classification_reason,none,none,
.octon/cognition/practices/methodology/templates/spec-tier3.yaml::contracts,Aligned,keep,false,false,false,false,false,false,.octon/cognition/practices/methodology/templates/spec-tier3.yaml:265 contracts,none,none,
.octon/cognition/practices/methodology/templates/spec-tier3.yaml::convivial_impact,Aligned,keep,false,false,false,false,false,false,.octon/cognition/practices/methodology/templates/spec-tier3.yaml:200 convivial_impact,none,none,
.octon/cognition/practices/methodology/templates/spec-tier3.yaml::created,Aligned,keep,false,false,false,false,false,false,.octon/cognition/practices/methodology/templates/spec-tier3.yaml:67 created,none,none,
.octon/cognition/practices/methodology/templates/spec-tier3.yaml::data_classification,Aligned,keep,false,false,false,false,false,false,.octon/cognition/practices/methodology/templates/spec-tier3.yaml:224 data_classification,none,none,
.octon/cognition/practices/methodology/templates/spec-tier3.yaml::governance,Partially Aligned,remediate,false,true,false,false,false,false,.octon/cognition/practices/methodology/templates/spec-tier3.yaml:31 governance,spec-tier3.yaml:31 same explicit-governance-section gap,add conditional blocks and align naming with templates README,
.octon/cognition/practices/methodology/templates/spec-tier3.yaml::migration,Aligned,keep,false,false,false,false,false,false,.octon/cognition/practices/methodology/templates/spec-tier3.yaml:540 migration,none,none,
.octon/cognition/practices/methodology/templates/spec-tier3.yaml::navigator,Aligned,keep,false,false,false,false,false,false,.octon/cognition/practices/methodology/templates/spec-tier3.yaml:73 navigator,none,none,
.octon/cognition/practices/methodology/templates/spec-tier3.yaml::observability,Aligned,keep,false,false,false,false,false,false,.octon/cognition/practices/methodology/templates/spec-tier3.yaml:675 observability,none,none,
.octon/cognition/practices/methodology/templates/spec-tier3.yaml::oversight_touchpoints,Aligned,keep,false,false,false,false,false,false,.octon/cognition/practices/methodology/templates/spec-tier3.yaml:738 oversight_touchpoints,none,none,
.octon/cognition/practices/methodology/templates/spec-tier3.yaml::owner,Aligned,keep,false,false,false,false,false,false,.octon/cognition/practices/methodology/templates/spec-tier3.yaml:70 owner,none,none,
.octon/cognition/practices/methodology/templates/spec-tier3.yaml::problem,Aligned,keep,false,false,false,false,false,false,.octon/cognition/practices/methodology/templates/spec-tier3.yaml:84 problem,none,none,
.octon/cognition/practices/methodology/templates/spec-tier3.yaml::rollout,Aligned,keep,false,false,false,false,false,false,.octon/cognition/practices/methodology/templates/spec-tier3.yaml:598 rollout,none,none,
.octon/cognition/practices/methodology/templates/spec-tier3.yaml::scope,Aligned,keep,false,false,false,false,false,false,.octon/cognition/practices/methodology/templates/spec-tier3.yaml:142 scope,none,none,
.octon/cognition/practices/methodology/templates/spec-tier3.yaml::slo_implications,Aligned,keep,false,false,false,false,false,false,.octon/cognition/practices/methodology/templates/spec-tier3.yaml:723 slo_implications,none,none,
.octon/cognition/practices/methodology/templates/spec-tier3.yaml::solution,Aligned,keep,false,false,false,false,false,false,.octon/cognition/practices/methodology/templates/spec-tier3.yaml:114 solution,none,none,
.octon/cognition/practices/methodology/templates/spec-tier3.yaml::testing,Aligned,keep,false,false,false,false,false,false,.octon/cognition/practices/methodology/templates/spec-tier3.yaml:466 testing,none,none,
.octon/cognition/practices/methodology/templates/spec-tier3.yaml::threat_model,Aligned,keep,false,false,false,false,false,false,.octon/cognition/practices/methodology/templates/spec-tier3.yaml:324 threat_model,none,none,
.octon/cognition/practices/methodology/templates/spec-tier3.yaml::tier,Aligned,keep,false,false,false,false,false,false,.octon/cognition/practices/methodology/templates/spec-tier3.yaml:22 tier,none,none,
.octon/cognition/practices/methodology/templates/spec-tier3.yaml::title,Aligned,keep,false,false,false,false,false,false,.octon/cognition/practices/methodology/templates/spec-tier3.yaml:24 title,none,none,
.octon/cognition/practices/methodology/tooling-and-metrics.md::CI Health Targets,Partially Aligned,move_or_merge,false,true,true,false,false,false,.octon/cognition/practices/methodology/tooling-and-metrics.md:43 CI Health Targets,tooling-and-metrics.md:43 duplicates CI target numbers in ci-cd-quality-gates.md:191,remove numeric ownership here and reference canonical CI gate target section,.octon/cognition/practices/methodology/ci-cd-quality-gates.md
.octon/cognition/practices/methodology/tooling-and-metrics.md::CI Health Targets block,Partially Aligned,move_or_merge,false,true,true,false,false,false,tooling-and-metrics.md:43 CI targets,tooling-and-metrics.md:43 duplicated CI target constants,reference canonical target section,.octon/cognition/practices/methodology/ci-cd-quality-gates.md
.octon/cognition/practices/methodology/tooling-and-metrics.md::Metrics and Improvement,Aligned,keep,false,false,false,false,false,false,.octon/cognition/practices/methodology/tooling-and-metrics.md:36 Metrics and Improvement,none,none,
.octon/cognition/practices/methodology/tooling-and-metrics.md::Metrics-to-Pillar Mapping,Aligned,keep,false,false,false,false,false,false,.octon/cognition/practices/methodology/tooling-and-metrics.md:49 Metrics-to-Pillar Mapping,none,none,
.octon/cognition/practices/methodology/tooling-and-metrics.md::Recommended Workflow Surfaces in This Repository,Aligned,keep,false,false,false,false,false,false,.octon/cognition/practices/methodology/tooling-and-metrics.md:28 Recommended Workflow Surfaces in This Repository,none,none,
.octon/cognition/practices/methodology/tooling-and-metrics.md::Tooling Policy,Aligned,keep,false,false,false,false,false,false,.octon/cognition/practices/methodology/tooling-and-metrics.md:20 Tooling Policy,none,none,
